{
    "errNo": 0,
    "data": {
        "bigEvent": {
            "content": [{
                "title": "764\u5e74\uff0c<a href=\"33210\">\u5410\u8543<\/a>\u519b\u5360\u9886\u957f\u5b89\u5341\u4e94\u65e5\uff0c<a href=\"74503\">\u5510\u4ee3\u5b97<\/a>\u51fa\u9003"
            },
                {
                    "title": "1998\u5e74\uff0c\u91cd\u72af<a href=\"115716\">\u5f20\u5b50\u5f3a<\/a>\u88ab\u5224\u6b7b\u5211"
                },
                {
                    "title": "1986\u5e74\uff0c\u4e2d\u56fd\u957f\u6c5f\u79d1\u8003\u6f02\u6d41\u63a2\u9669\u961f\u5f81\u670d<a href=\"4185\">\u957f\u6c5f<\/a>"
                },
                {
                    "title": "1965\u5e74\uff0c<a href=\"90161\">\u53f0\u5317\u6545\u5bab\u535a\u7269\u9662<\/a>\u5efa\u6210"
                },
                {
                    "title": "1937\u5e74\uff0c<a href=\"27155\">\u6dde\u6caa\u4f1a\u6218<\/a>\u7ed3\u675f"
                }],
            "link": "http:\/\/baike.baidu.com\/view\/477950#1"
        },
        "birth": {
            "content": [{
                "title": "1986\u5e74\uff0c\u53f0\u6e7e\u6b4c\u624b<a href=\"560673\">\u8521\u65fb\u4f51<\/a>"
            },
                {
                    "title": "1982\u5e74\uff0c\u597d\u83b1\u575e\u5f71\u661f<a href=\"62172\">\u5b89\u59ae\u00b7\u6d77\u745f\u8587<\/a>"
                },
                {
                    "title": "1934\u5e74\uff0c\u7f8e\u56fd\u201c\u6700\u5371\u9669\u7684\u6740\u624b\u201d<a href=\"1295307\">\u67e5\u5c14\u65af\u00b7\u66fc\u68ee<\/a>"
                },
                {
                    "title": "1910\u5e74\uff0c\u6570\u5b66\u5bb6<a href=\"6351\">\u534e\u7f57\u5e9a<\/a>\u8bde\u751f\u3002"
                },
                {
                    "title": "1528\u5e74\uff0c<a href=\"10438\">\u621a\u7ee7\u5149<\/a>\u8bde\u751f\uff0c\u660e\u671d\u5c06\u519b"
                }],
            "link": "http:\/\/baike.baidu.com\/view\/477950#2"
        },
        "died": {
            "content": [{
                "title": "1997\u5e74\uff0c\u6b4c\u624b\u3001\u97f3\u4e50\u5bb6<a href=\"16601\">\u5f20\u96e8\u751f<\/a>\u901d\u4e16"
            },
                {
                    "title": "1989\u5e74\uff0c\u8457\u540d\u6865\u6881\u4e13\u5bb6<a href=\"23034\">\u8305\u4ee5\u5347<\/a>\u901d\u4e16"
                },
                {
                    "title": "1969\u5e74\uff0c\u4e2d\u534e\u4eba\u6c11\u5171\u548c\u56fd\u4e3b\u5e2d<a href=\"1770\">\u5218\u5c11\u5947<\/a>"
                },
                {
                    "title": "1939\u5e74\uff0c\u56fd\u9645\u4e3b\u4e49\u6218\u58eb<a href=\"53208\">\u8bfa\u5c14\u66fc\u00b7\u767d\u6c42\u6069<\/a>"
                },
                {
                    "title": "1595\u5e74\uff0c\u82f1\u56fd16\u4e16\u7eaa\u822a\u6d77\u5bb6<a href=\"877516\">\u7ea6\u7ff0\u00b7\u970d\u91d1\u65af<\/a>"
                }],
            "link": "http:\/\/baike.baidu.com\/view\/477950#3"
        }
    }
}