{
    "errNo": 0,
    "data": [{
        "lemmaId": "9624069",
        "title": "\u513f\u7ae5\u6bd4\u57fa\u5c3c\u8f66\u6a21",
        "new": 0
    },
        {
            "lemmaId": "6187949",
            "title": "\u94c1\u8def\u8f66\u7968\u5f3a\u5236\u9669",
            "new": 0
        },
        {
            "lemmaId": "9611750",
            "title": "\u6700\u7f8e\u4e2d\u5b66\u751f",
            "new": 0
        },
        {
            "lemmaId": "2946736",
            "title": "\u4e1c\u76df\u5171\u540c\u4f53",
            "new": 0
        },
        {
            "lemmaId": "5964624",
            "title": "\u7a7a\u4e2d\u8f68\u9053\u5217\u8f66",
            "new": 0
        },
        {
            "lemmaId": "532468",
            "title": "\u515a\u52a1\u516c\u5f00",
            "new": 0
        },
        {
            "lemmaId": "9604007",
            "title": "\u5c0f\u5b66\u751f\u8d85\u5f3a\u903b\u8f91\u65e5\u8bb0",
            "new": 0
        },
        {
            "lemmaId": "6433961",
            "title": "\u7f57\u5c91\u94c1\u8def",
            "new": 0
        },
        {
            "lemmaId": "5520869",
            "title": "\u94c1\u7a79\u9632\u5fa1\u7cfb\u7edf",
            "new": 0
        },
        {
            "lemmaId": "2236850",
            "title": "\u9875\u5ca9\u6c14",
            "new": 0
        }]
}